-- Student insert
INSERT INTO STUDENT VALUES('2018-2-60-008',	'Shamima Yesmin', 'Data Science', '3.66', '105.5', '01-20-1998','A+', '01628325530','1','11','61');
INSERT INTO STUDENT VALUES('2018-2-60-011',	'Sadia Afrin', 'Data Science', '3.52', '109', '02-20-1998','A+', '1967875006');
INSERT INTO STUDENT VALUES('2018-2-60-013',	'Lata Rani Saha', 'Data Science', '3.51', '110', '06-20-1998','A+', '1730890352');
INSERT INTO STUDENT VALUES('2018-2-60-021',	'Shahriar Chowdhury', 'Data Science', '3.70', '107', '07-20-1999','AB-', '1681689067');
INSERT INTO STUDENT VALUES('2018-2-60-047',	'Arnob Ghosh', 'Data Science', '3.58', '111', '08-15-1999','O-', '1925757002');
INSERT INTO STUDENT VALUES('2018-3-60-031',	'Tahmid Alam', 'Data Science', '3.59', '110', '06-10-1999','O+', '1623227527');
INSERT INTO STUDENT VALUES('2018-2-60-077',	'Md. Salem Talukder', 'Data Science', '3.56', '105', '08-10-1999','O+', '1686557797');
INSERT INTO STUDENT VALUES('2018-2-60-097',	'Moumita Das', 'Data Science', '3.58', '105', '07-05-1999','A+', '1521351018');
INSERT INTO STUDENT VALUES('2018-2-60-100',	'Sabbir Ahmed','Data Science', '3.52', '105', '08-15-1999','B+', '1736989734');
INSERT INTO STUDENT VALUES('2018-2-60-101',	'Md. Nayem Ahmed', 'Data Science', '3.50', '101', '01-05-1999','B-', '1521105007');
INSERT INTO STUDENT VALUES('2018-2-60-106',	'Md. Abdul Kader Jilani', 'Data Science', '3.51', '109', '01-12-1999','AB-', '1786613879');
INSERT INTO STUDENT VALUES('2018-2-60-110',	'Mohammad Khalid Hasan', 'Data Science', '3.58', '111', '06-11-1999','AB+', '1799041090');
INSERT INTO STUDENT VALUES('2018-2-60-124',	'Samiun Rahman Sizan', 'Data Science', '3.59', '106', '012-15-1999','A+', '1748023855');
INSERT INTO STUDENT VALUES('2018-2-60-127',	'A. K. M. Sadat','Data Science', '3.52', '110', '04-15-1999','AB+', '1683492025');
INSERT INTO STUDENT VALUES('2018-3-60-009',	'Mukta Marion Islam','Data Science', '3.90', '109', '01-11-1998','B-', '1630938500');
INSERT INTO STUDENT VALUES('2018-3-60-014',	'Md. Mahmud Alam', 'Data Science', '3.88', '107', '08-07-1999','A+', '1515247040');
INSERT INTO STUDENT VALUES('2018-3-60-015',	'Asif Laam Siddique','Data Science', '3.66', '111', '08-18-1999','A+', '1955281023');
INSERT INTO STUDENT VALUES('2018-3-60-016',	'Al Shammas','Data Science', '3.59', '105', '08-01-1999','O-', '1794227863');
INSERT INTO STUDENT VALUES('2018-3-60-018',	'Khaledur Rahman', 'Data Science', '3.77', '108', '01-31-1999','AB+', '1533482310');
INSERT INTO STUDENT VALUES('2018-3-60-030',	'Fardin Alam','Data Science', '3.58', '111', '08-28-1999', 'O-', '1687453989');

--course insert
INSERT INTO COURSE VALUES('CSE400A', 'Capstone Project I', '1');
INSERT INTO COURSE VALUES('CSE400B', 'Capstone Project II', '2');
INSERT INTO COURSE VALUES('CSE400C', 'Capstone Project III', '3');

--Section_Insert
INSERT INTO SECTION VALUES('CSE400A', 2020, 'Spring20');
INSERT INTO SECTION VALUES('CSE400A', 2020, 'Summer20');
INSERT INTO SECTION VALUES('CSE400A', 2020, 'Fall20');

INSERT INTO SECTION VALUES('CSE400B', 2020, 'Spring20');
INSERT INTO SECTION VALUES('CSE400B', 2020, 'Summer20');
INSERT INTO SECTION VALUES('CSE400B', 2020, 'Fall20');

INSERT INTO SECTION VALUES('CSE400C', 2020, 'Spring20');
INSERT INTO SECTION VALUES('CSE400C', 2020, 'Summer20');
INSERT INTO SECTION VALUES('CSE400C', 2020, 'Fall20');

INSERT INTO SECTION VALUES('CSE400A', 2021, 'Spring20');
INSERT INTO SECTION VALUES('CSE400A', 2021, 'Summer20');
INSERT INTO SECTION VALUES('CSE400A', 2021, 'Fall20');

INSERT INTO SECTION VALUES('CSE400B', 2021, 'Spring20');
INSERT INTO SECTION VALUES('CSE400B', 2021, 'Summer20');
INSERT INTO SECTION VALUES('CSE400B', 2021, 'Fall20');

INSERT INTO SECTION VALUES('CSE400C', 2021, 'Spring20');
INSERT INTO SECTION VALUES('CSE400C', 2021, 'Summer20');
INSERT INTO SECTION VALUES('CSE400C', 2021, 'Fall20');

INSERT INTO SECTION VALUES('CSE400A', 2022, 'Spring20');
INSERT INTO SECTION VALUES('CSE400A', 2022, 'Summer20');
INSERT INTO SECTION VALUES('CSE400A', 2020, 'Fall20');

INSERT INTO SECTION VALUES('CSE400B', 2022, 'Spring20');
INSERT INTO SECTION VALUES('CSE400B', 2022, 'Summer20');
INSERT INTO SECTION VALUES('CSE400B', 2022, 'Fall20');

INSERT INTO SECTION VALUES('CSE400C', 2022, 'Spring20');
INSERT INTO SECTION VALUES('CSE400C', 2022, 'Summer20');
INSERT INTO SECTION VALUES('CSE400C', 2022, 'Fall20');

-- Affective domain
INSERT INTO AFFECTIVE_DOMAIN VALUES('A1','Receiving');
INSERT INTO AFFECTIVE_DOMAIN VALUES('A2','Responding');
INSERT INTO AFFECTIVE_DOMAIN VALUES('A3','Valuing');
INSERT INTO AFFECTIVE_DOMAIN VALUES('A4','Organizing');
INSERT INTO AFFECTIVE_DOMAIN VALUES('A5','Internalizing');

--Cognitive domain
INSERT INTO COGNITIVE_DOMAIN VALUES('C2', 'Understand','CO1');
INSERT INTO COGNITIVE_DOMAIN VALUES('C3', 'Applying','CO1');
INSERT INTO COGNITIVE_DOMAIN VALUES('C4', 'Analyzing','CO2');
INSERT INTO COGNITIVE_DOMAIN VALUES('C5', 'Evaluating','CO2');
INSERT INTO COGNITIVE_DOMAIN VALUES('C6', 'Creating','CO2');

--course outcome
INSERT INTO COURSE_OUTCOME VALUES('CO1', 'Integrate acquired knowledge','2222');
INSERT INTO COURSE_OUTCOME VALUES('CO2', 'Examine, define & formulate','2222');
INSERT INTO COURSE_OUTCOME VALUES('CO3', 'Analyze various solution','2222');
INSERT INTO COURSE_OUTCOME VALUES('CO4', 'Design and develop solutions', '2222');
INSERT INTO COURSE_OUTCOME VALUES('CO5', 'Identify & apply modern tools', '2222');
INSERT INTO COURSE_OUTCOME VALUES('CO6', 'Asses & address all aspects', '2222');


-- Psychomotor domain
INSERT INTO PSYCHOMOTOR_DOMAIN VALUES('P1', 'Imitation'); -- VALUE missing
INSERT INTO PSYCHOMOTOR_DOMAIN VALUES('P2', 'Manipulate','PO2');
INSERT INTO PSYCHOMOTOR_DOMAIN VALUES('P3', 'Precision','PO2');
INSERT INTO PSYCHOMOTOR_DOMAIN VALUES('P4', 'Articulate','PO2');
INSERT INTO PSYCHOMOTOR_DOMAIN VALUES('P5', 'Naturalize','PO9');

--Program outcome
INSERT INTO "Program_Outcome(PO)" VALUES('PO1', 'Engineering Knowledge');
INSERT INTO "Program_Outcome(PO)" VALUES('PO2', 'Problem Analysis',);
INSERT INTO "Program_Outcome(PO)" VALUES('PO3', 'Development of Solutions');
INSERT INTO "Program_Outcome(PO)" VALUES('PO4', 'Investigation');
INSERT INTO "Program_Outcome(PO)" VALUES('PO5', 'Modern Tool Usage');
INSERT INTO "Program_Outcome(PO)" VALUES('PO6', 'The Engineer and Society');
INSERT INTO "Program_Outcome(PO)" VALUES('PO7', 'Environment and Sustainability');
INSERT INTO "Program_Outcome(PO)" VALUES('PO8', 'Ethics');
INSERT INTO "Program_Outcome(PO)" VALUES('PO9', 'Individual Work and Teamwork');
INSERT INTO "Program_Outcome(PO)" VALUES('PO10', 'Communication');
INSERT INTO "Program_Outcome(PO)" VALUES('PO11', 'Project Management and Finance');
INSERT INTO "Program_Outcome(PO)" VALUES('PO12', 'Life-Long Learning');

-- REGISTATION
INSERT INTO REGISTATION VALUES('2018-2-60-08', 'CSE400A');
INSERT INTO REGISTATION VALUES('2018-2-60-11', 'CSE400A');
INSERT INTO REGISTATION VALUES('2018-2-60-13', 'CSE400A');
INSERT INTO REGISTATION VALUES('2018-2-60-21', 'CSE400A');

INSERT INTO REGISTATION VALUES('2018-2-60-77', 'CSE400A');
INSERT INTO REGISTATION VALUES('2018-2-60-97', 'CSE400A');
INSERT INTO REGISTATION VALUES('2018-2-60-100', 'CSE400A');
INSERT INTO REGISTATION VALUES('2018-2-60-101', 'CSE400A');

INSERT INTO REGISTATION VALUES('2018-2-60-106', 'CSE400A');
INSERT INTO REGISTATION VALUES('2018-2-60-110', 'CSE400A');
INSERT INTO REGISTATION VALUES('2018-2-60-124', 'CSE400A');
INSERT INTO REGISTATION VALUES('2018-2-60-127', 'CSE400A');

-- PROJECT
INSERT INTO PROJECT VALUES('01', 'Fake News Detection', 'Using Python & TfidfVectorizer');
INSERT INTO PROJECT VALUES('02', 'Detecting Forest Fire', 'Using k-means clustering');
INSERT INTO PROJECT VALUES('03', 'Detection of Road Lane Lines', 'Using built-in Python library');
INSERT INTO PROJECT VALUES('04', 'Sentimental Analysis', 'Using AFINN, bing and Loughran');

--BOARD
INSERT INTO BOARD VALUES('Board1', '04-11-2021');
INSERT INTO BOARD VALUES('Board2', '04-11-2021');
INSERT INTO BOARD VALUES('Board3', '04-11-2021');
INSERT INTO BOARD VALUES('Board4', '04-11-2021');


--SET
INSERT INTO SET VALUES('A4', 'CO4');
INSERT INTO SET VALUES('A4', 'CO6');
INSERT INTO SET VALUES('A4', 'CO7');
INSERT INTO SET VALUES('A4', 'CO8');
INSERT INTO SET VALUES('A5', 'CO8');
INSERT INTO SET VALUES('A3' 'CO9');
INSERT INTO SET VALUES('A4', 'CO9');
INSERT INTO SET VALUES('A5', 'CO9');
INSERT INTO SET VALUES('A3', 'CO10');
INSERT INTO SET VALUES('A4', 'CO10');
INSERT INTO SET VALUES('A3', 'CO12');

--ALLOCATE

INSERT INTO ALLOCATE VALUES('P2', 'CO2');
INSERT INTO ALLOCATE VALUES('P3', 'CO2');
INSERT INTO ALLOCATE VALUES('P4', 'CO2');
INSERT INTO ALLOCATE VALUES('P2', 'CO5');
INSERT INTO ALLOCATE VALUES('P3', 'CO5');
INSERT INTO ALLOCATE VALUES('P4', 'CO9');
INSERT INTO ALLOCATE VALUES('P5', 'CO9');
INSERT INTO ALLOCATE VALUES('P3', 'CO10');
INSERT INTO ALLOCATE VALUES('P3', 'CO10');
INSERT INTO ALLOCATE VALUES('P4', 'CO10');
INSERT INTO ALLOCATE VALUES('P4', 'CO11');
INSERT INTO ALLOCATE VALUES('P4', 'CO12');
INSERT INTO ALLOCATE VALUES('P5', 'CO12');

--INSTRUCTOR
INSERT INTO INSTRUCTOR VALUES('1111', 'Dr.Md. Mozammel Huq Azad Khan');
INSERT INTO INSTRUCTOR VALUES('1110', 'Dr. Shamim H Ripon');
INSERT INTO INSTRUCTOR VALUES('1100', 'Dr.Md. Nawab Yousuf Ali');
INSERT INTO INSTRUCTOR VALUES('1000', 'Dr. Ahmed Wasif Reza');
INSERT INTO INSTRUCTOR VALUES('2222', 'Dr. Mohammad Rezwanul Huq');
INSERT INTO INSTRUCTOR VALUES('2220','Dr. Taskeed Jabid');
INSERT INTO INSTRUCTOR VALUES('2200','Dr. Maheen Islam');
INSERT INTO INSTRUCTOR VALUES('2000', 'Dr. Md Sawkat Ali');

-- MARKS_DISTRIBUTION
INSERT INTO MARKS_DISTRIBUTION VALUES('1');
INSERT INTO MARKS_DISTRIBUTION VALUES('2');
INSERT INTO MARKS_DISTRIBUTION VALUES('3');
INSERT INTO MARKS_DISTRIBUTION VALUES('4');
INSERT INTO MARKS_DISTRIBUTION VALUES('5');

--PROJECT_GROUP
INSERT INTO PROJECT_GROUP VALUES('1');
INSERT INTO PROJECT_GROUP VALUES('2');
INSERT INTO PROJECT_GROUP VALUES('3');
INSERT INTO PROJECT_GROUP VALUES('4');

-- SUPERVISOR
INSERT INTO SUPERVISOR VALUES('2222', 'Dr. Mohammad Rezwanul Huq','Board1');
INSERT INTO SUPERVISOR VALUES('2220','Dr. Taskeed Jabid','Board2');
INSERT INTO SUPERVISOR VALUES('1111', 'Dr.Md. Mozammel Huq Azad Khan','Board3');
INSERT INTO SUPERVISOR VALUES('2200','Dr. Maheen Islam', 'Board4');

--STUDENT_RESULT
INSERT INTO STUDENT_RESULT VALUES('11');
INSERT INTO STUDENT_RESULT VALUES('12');
INSERT INTO STUDENT_RESULT VALUES('13');
INSERT INTO STUDENT_RESULT VALUES('14');
INSERT INTO STUDENT_RESULT VALUES('21');
INSERT INTO STUDENT_RESULT VALUES('22');
INSERT INTO STUDENT_RESULT VALUES('23');
INSERT INTO STUDENT_RESULT VALUES('24');
INSERT INTO STUDENT_RESULT VALUES('31');
INSERT INTO STUDENT_RESULT VALUES('32');
INSERT INTO STUDENT_RESULT VALUES('33');
INSERT INTO STUDENT_RESULT VALUES('34');

